10:00,11:00,12:00,UNK1,UNK2,UNK3,14:00,14:1n-5,15:00,15:1n-5,16:00,16:1n-7,17:00,16:2n-4,17:1n-7,16:3n-4,UNK4,18:00,18:1n-9 t,18:1n-7 t,18:1n-9,18:1n-7,18:2n-6 t,18:2n-6,18:3n-6,18:3n-4,18:3n-3,20:00,18:4n-3,20:1n-11,20:1n-9,21:00,20:2n-6,20:3n-6,20:4n-6,20:3n-3,22:00,20:4n-3,22:1n-11,22:1n-9,20:5n-3,22:2n-6,22:4n-6,24:00:00,22:5n-3,22:6n-3,24:5n-3,24:6n-3
0.306100038,0,0.157119761,0.427109283,0.178205806,0.245064628,2.928544226,0.086233364,1.056933702,0.49969712,25.50001286,1.709258335,10.71195613,0.635552114,0.151349706,0.351232627,2.70626384,7.014910148,0,0,2.328560667,0.427344382,0,1.04294109,1.652883046,0.636619293,1.064155525,1.204368681,5.372067334,0,0.462948211,0.297928831,0.232309889,1.492513865,5.421045735,0,0.298108354,0.793662621,0,0,7.335554825,0,1.63589984,0.625658352,0.954918809,9.740683803,0.315612578,0.271876335
0,0,0.129769954,0.434660226,0.13447759,0.271550913,2.900308678,0.102202461,0.915382229,0.152484507,24.23925287,1.641397252,10.05735999,0.553506179,0.181251479,0.321382305,4.484779154,7.407637665,0,0,1.959200941,0.383888328,0,0.782703143,1.43053016,0.404251056,0.397120374,1.174697192,6.369433803,0,0.503005311,0.284582846,0.287648098,1.403984738,6.373513515,0,0.278219127,0.721712903,0,0,8.146377552,0,2.405823461,0.322579466,1.260956673,10.57293741,0,0
0,0,0.103728619,0.206542999,0.064453451,0.120834113,2.831211374,0.056917797,1.2881505,0.132222058,28.69829262,1.781888289,17.13124308,0.793363816,0.1101395,0.196479724,3.404273124,9.266946448,0,0,1.727226973,0.365955999,0,0.659504356,1.267451512,0.307585899,0.418978958,1.669879764,3.056341765,0,0.577057818,0.045341094,0.250778385,1.984005535,2.736368509,0,0.22077704,0.969876943,0,0.074371011,3.773379543,0,2.137000376,0.281083332,0.843701716,9.87836432,0,0
0,0,0.116213448,0.222736848,0.075077132,0.127503961,2.67293548,0,1.293400474,0.195998645,27.61658538,1.617858388,15.55828927,0.784626653,0.116563246,0.220730388,4.340322909,9.764259207,0,0,1.783653235,0.385421943,0,0.900029528,0.99638132,0.544166156,0.4724745,1.605197445,2.536022999,0,0.517028908,0.362473889,0.270994094,1.640471699,4.053731524,0,0.191142244,0.908789011,0,0,4.345895848,0,2.849666827,0.317144862,0.941543213,8.699392602,0,0
0,0,0.128288687,0.345894493,0.105831529,0.219154829,3.238576131,0.110810183,1.19738889,0.160362594,27.55243912,1.833667002,13.25608801,0.636031972,0.163616343,0.207142993,4.139215712,7.937337799,0,0,3.087309687,0.403414269,0,0.792301194,1.10046289,0.282906743,0.329499832,1.279746539,4.247502953,0,0.729312015,0.25472219,0.26514862,1.33476234,3.961889113,0,0.239700281,0.673798766,0,0,5.588949233,0,2.817771688,0.223797123,0.987187099,9.571959421,0,0
0.171313775,0,0.167520676,0.55560171,0.180075895,0.31795587,2.731739091,0.122743567,0.873640994,0.507427954,22.80091011,1.789742947,8.21928467,0.609980908,0.190924191,0.414058981,3.761363112,7.348104442,0,0,1.996462037,0.368070383,0,0.751835335,1.293421189,0.661594194,0.598364228,1.259497839,6.383523047,0,0.47658961,0.333278821,0.252608155,1.166613695,7.186343095,0,0.411922418,0.754452275,0,0,9.422480005,0,2.470382995,0.453299228,1.363495223,10.19239432,0,0
0,0,0.132032871,0.484608599,0.173603926,0.283790946,2.753777687,0.179312732,0.998156111,0.463057859,22.71839296,1.708496506,8.832481876,0.560755385,0.18152091,0.42017428,4.727602,8.007118182,0,0,2.019755221,0.392538403,0,0.817997208,1.233135373,0.581938414,0.835000093,1.249563461,5.874989169,0,0.484057772,0.321132502,0.251873776,1.155004827,6.40776329,0,0.290001555,0.705797968,0,0,8.950169664,0,3.051185685,0.525411646,1.317122811,9.744335876,0,0
0,0,0.090331184,0.224192876,0.072144457,0.124924658,2.629957901,0.08035386,0.769450871,0.204813123,26.69062653,1.801902318,10.42628118,0.56233626,0.104362639,0.209602058,4.899603699,10.24977211,0,0,2.355943735,0.474163446,0,1.052088806,1.724884225,0.482998943,0.742539804,1.68237882,3.269552765,0,0.800572124,0.303570189,0.396081145,1.946899303,5.354152601,0,0.196502594,0.780063064,0,0,5.221564274,0,3.763753567,0.36486814,1.065177866,7.988941732,0,0
0,0,0.109874495,0.268276051,0,0.152976559,2.913469136,0,0.930769429,0.190362156,27.00320266,1.650171026,12.4816181,0.660270987,0.102244683,0,4.544569436,10.45961033,0,0,2.071532211,0.421825317,0,0.767814971,1.377600841,0.45709665,0.534770483,1.84046073,3.493677437,0,0.752826546,0.405321857,0.336194156,1.839148239,3.88370012,0,0.281973301,0.851449244,0,0,4.55839648,0,3.409898359,0.251160633,1.015809578,8.971859271,0,0
0.124070616,0,0.116932668,0.270053622,0.080111892,0.159172597,3.474964335,0.101886657,1.222246506,0.110276999,30.6224878,1.953603027,14.22900361,0.695401357,0.146324888,0.214827042,2.934906276,8.730257716,0,0,2.928581849,0.407932916,0,0.977676864,1.349444098,0.314702099,0.568271469,1.415576253,3.524109776,0,0.850108376,0.164864454,0.258842794,1.638588934,2.720149272,0,0.208980193,0.782991643,0,0,4.301191486,0,1.947828314,0.284907915,0.786631746,8.808603234,0,0
0,0,0.111233511,0.312482879,0.092298843,0.181344197,3.404379681,0.110523112,1.146755508,0.11546685,28.62368743,1.928332465,13.24591371,0.667550873,0.144886341,0.224215084,3.335893864,8.058748814,0,0,2.717659033,0.399565984,0,0.932448951,1.386070329,0.371307953,0.555649289,1.402647112,4.234593714,0,0.856038736,0.265284279,0.302112383,1.588234894,3.605626487,0,0.175682272,0.778186573,0,0.092720316,5.008518767,0,2.37600832,0.292831772,0.930145928,9.419216835,0,0
0.099794185,0,0,0.288521395,0.111759086,0.166780004,3.083925996,0,0.734776571,0.181455416,27.43696035,1.679513802,10.94489865,0.623883099,0.09583233,0.171409176,4.205080221,9.144542438,0,0,2.941210406,0.492161841,0,0.866415312,1.37329267,0.38016985,0.546421398,1.546112847,3.609927225,0,0.942462464,0.273842383,0.326226359,1.957361396,4.104115468,0,0.22672011,0.899039061,0,0,5.513250242,0,3.201209574,0.262268874,1.237520675,8.742240123,0,0
0,0,0,0.224681006,0,0.361879223,2.879015417,0,0.735307774,0.226269012,27.20964245,1.922248021,9.985607092,0.665939888,0,0.272947671,4.916231415,11.7084506,0,0,2.52322187,0.495162996,0,1.09753446,1.755635902,0.635544937,0.620022933,1.875656215,2.992111951,0,0.879775684,0.325919607,0.371919027,2.029146574,4.580482807,0,0.249022877,0.752370356,0,0,4.914204303,0,3.786431954,0.396155737,0.989942686,7.253467744,0,0
0.146547278,0,0.108577766,0.181555943,0.078093786,0.104062761,2.716954392,0,1.319298808,0.157128767,29.65460792,1.731128758,17.21251557,0.875581359,0.118403735,0.213018993,3.16973702,8.930401084,0,0,1.99403206,0.412230623,0,0.850981458,1.234295316,0.46993102,0.451388358,1.497446429,2.678927389,0,0.62884423,0.375461251,0.253393736,2.045080129,2.682540194,0,0.198870336,1.067937095,0,0,3.435698843,0,2.027568667,0.299647829,0.769420106,9.05900718,0,0
0,0,0,0.254531258,0.112826558,0.144527886,2.686919604,0,1.147412268,0.298497166,27.1695816,1.730666097,15.07647129,0.759543549,0.116693021,0.235593437,3.337243918,8.682630242,0,0,1.960346488,0.398280568,0,0.954297018,1.284342765,0.399815186,0.67420813,1.526547719,3.627087592,0,0.502437713,0.341076082,0.250012109,1.738789885,3.850700162,0,0.270155316,0.961499834,0,0,4.89422683,0,2.225933766,0.386864845,0.952043052,9.631494206,0,0
0.139472411,0,0.109426002,0.214335717,0.095645943,0.118674525,2.956701749,0.070905215,0.696079711,0.266436608,28.60177159,1.824944197,11.51689445,0.637625074,0.098115211,0.187423492,3.035968878,7.355522454,0,0,3.117862012,0.472937295,0,0.837516331,1.544832951,0.292912682,0.436637292,1.308393691,3.80069911,0,0.805227855,0.263414296,0.382412704,2.130067684,4.325472233,0,0.260181381,0.957071976,0,0,5.190886767,1.256644413,2.444953704,0.26912208,1.117869861,9.773651134,0,0
0,0,0.148841122,0.364485283,0.10822258,0.21282385,2.906142778,0.092152239,0.891060038,0.162372085,27.0315373,1.652121628,10.88944386,0.620239755,0.136765075,0.240919352,4.730884661,8.729386239,0,0,1.972833556,0.344104815,0,0.717068153,1.405189652,0.453740384,0.382427589,1.367959275,4.335754907,0,0.60501127,0.327690611,0.324080678,1.570327205,5.322040301,0,0.203332258,0.747073022,0,0,6.021831607,0,3.635413753,0.316623693,1.205369539,9.062075108,0,0
0,0,0,0.297538273,0,0,2.913767186,0,0.595341903,0.608546825,25.35345235,2.146810095,6.978563194,0.631697738,0,0.550975231,3.864045017,9.894438048,0,0,2.618192779,0.539561272,0,1.587801807,2.227044833,1.197168464,1.504671351,1.586167162,3.675415028,0,0.478168513,0.412112577,0.369533568,1.771414392,5.421678617,0,0.449745232,0.786092815,0,0,6.121459559,0,3.957881337,0.653285035,0.95876918,7.012978585,0,0
0,0,0.083523639,0.215688892,0,0,2.934436282,0,1.144639658,0.146384554,29.21610611,1.796176691,15.91903408,0.83976988,0.112029773,0,3.35007409,9.241035444,0,0,1.791416278,0.382931411,0,0.880790367,1.38941504,0.296533021,0.550382385,1.632872791,3.329348347,0,0.534980763,0.398504052,0.268225319,1.933563848,2.912570254,0,0.210909021,0.910917658,0,0,3.791685908,0,2.293887649,0.234376243,0.86091827,9.402846559,0,0
0,0,0.117372557,0.237068006,0.074079904,0.138979758,3.361833176,0.088204945,1.273743665,0.103679206,29.74099028,1.859371065,14.72217492,0.695054128,0.144444433,0.19260353,3.156468268,7.751231107,0,0,2.972330835,0.373898281,0,0.820537983,1.253310534,0.271680045,0.385148471,1.29978784,3.655922333,0,0.938329536,0.232346346,0.247273086,1.658679466,3.181284061,0,0.129479404,0.813889041,0,0.071242505,4.548197674,0,1.863189333,0.225274739,0.853473425,9.952598974,0,0
0,0,0.179142729,0.567890266,0.148629126,0.317775851,3.501633248,0.097402473,0.70762681,0.136754452,22.66010529,1.949663638,8.013293117,0.488310758,0.224121993,0.379808105,3.848707277,6.98767982,0,0,1.75146155,0.458372267,0,0.87973586,1.625704853,0.402841567,0.596667051,1.136314053,7.765417761,0,0.421173815,0.2626879,0.253317905,1.150796637,5.94999726,0,0,0.621820291,0,1.016806017,10.23200728,0,2.369974811,0.3064624,1.427381668,10.68339072,0,0
0,0,0.173833153,0.468731828,0.134324021,0.269683649,3.324303265,0,0.827011941,0.304680902,23.73679605,1.731672326,8.523034727,0.544984718,0.191846452,0.321319473,3.495357954,6.803046227,0,0,2.410496762,0.505553309,0,1.296688193,1.750882733,0.514305021,0.773126015,1.203834505,6.228516524,0,0.563183883,0.412047272,0.280125404,1.297461083,6.782678317,0,0,0.671235271,0,1.221983775,8.09485118,0,1.742676651,0.473084988,1.042218944,9.986172423,0.504029554,0.296213508
0.139790545,0,0.163250646,0.263727181,0.085986565,0.144885079,3.521658459,0,0.73800491,0.121040201,27.02681895,2.253071488,10.4353666,0.582377515,0.145692005,0.240287909,2.399629437,7.405251592,0,0,2.592705678,0.431566446,0,1.652898766,2.527536101,0.421446593,0.572874982,1.299915304,4.904538459,0,0.788947126,0,0.382167507,2.61793227,4.831141749,0,0,0.751542771,0,1.086826747,6.260724843,0,1.413225518,0.361129359,0.8432072,10.07662878,0,0
0,0,0.105999303,0.249341843,0.070868518,0.162288256,3.236468499,0.072039106,1.219649063,0.103116216,28.72490588,1.980453708,15.62826062,0.751883479,0.126438901,0.171630062,3.534807016,8.484127346,0,0,1.782818537,0.351726765,0,0.649331328,1.280513276,0.262327488,0.300249097,1.43025015,3.81325614,0,0.560463444,0.346302834,0.224265509,1.703482865,3.292312834,0,0,0.805046025,0,0,4.812170517,0,2.033050553,0.218037218,0.925391468,10.26428091,0,0
0.102143587,0,0.143533114,0.304316662,0.110451567,0.177048626,3.562685171,0.088609002,1.159456542,0.122459086,26.60607347,1.894035821,13.83073609,0.680386194,0.140135307,0.195209615,3.898946278,8.052528783,0,0,1.822284508,0.374902564,0,0.816692567,1.348681779,0.272067189,0.475868201,1.348355503,4.544958596,0,0.463820166,0.337488382,0.230818558,1.572208357,3.928645073,0,0,0.788784962,0,0.833111765,5.586418857,0,2.364417181,0.304877436,1.009170376,10.12967203,0,0
0,0,0.159413327,0.680581022,0.167575265,0.400597491,2.971575728,0,0.698722972,0.215486463,19.48785905,1.679568608,6.753401876,0.509808042,0.246844041,0.443399554,5.043155882,5.895907821,0,0,1.646035135,0.353307023,0,0.863227766,1.413934426,0.618683657,0.693615057,0.906153719,7.845367242,0,0.330209055,0.377433384,0.291769712,0.957057007,8.121382002,0,0,0.543574206,0,1.768339121,11.31012309,0,2.664496308,0.370503044,1.453619003,11.00276107,0,0.285697844
0,0,0,0.481678757,0.124114263,0.242670286,3.230571483,0,0.753349925,0.297007259,26.17270095,2.044556506,8.80665921,0.513176597,0.130748647,0.236970617,5.499923878,10.52549228,0,0,2.127644136,0.488637725,0,1.027172389,1.676289863,0.48877234,0.467613156,1.532953579,4.443430593,0,0.734130579,0.361527386,0.304427356,1.560741763,4.561558687,0,0,0.60818805,0,0.640431844,5.816265978,0,3.801728836,0.313848308,0.910016809,7.18792243,0,0
0.090491406,0,0.116094577,0.208096734,0,0.172839186,3.304300222,0.075752337,1.135251178,0.171875823,29.04030258,1.940971097,14.09245664,0.685221375,0.123073014,0.185589987,3.894002946,9.380455032,0,0,2.574662012,0.368761775,0,0.66779991,1.449479578,0.299777644,0.571437478,1.577351421,3.263703692,0,0.893432664,0.38204212,0.272954984,1.831007313,3.187860856,0,0,0.862512267,0,0.556221145,4.025201456,0,2.514135213,0.326661475,0.804080161,8.563082168,0,0
0,0,0.203464761,0.408841533,0.142198793,0.233271458,3.661569233,0,1.06578607,0.152827659,27.7701266,1.900508635,11.95893437,0.650050219,0.156826792,0.167910434,3.880588424,8.592924729,0,0,2.564068377,0.400976139,0,0.999716373,1.386220426,0.495557892,0.45594249,1.322560466,4.398782894,0,0.671004497,0,0.254678787,1.612469172,3.432163351,0,0,0.524951931,0,1.608365154,5.20720936,0,2.663170181,0.189560168,0.817381684,8.562506884,0,0
0,0,0.142061547,0.295488376,0.102662905,0.16989333,3.731624178,0.093380552,1.095551626,0.111807999,29.66525542,1.807855763,13.15469914,0.645590531,0.130264437,0.125453023,3.258413858,8.827485227,0,0,3.23897071,0.415934969,0,1.087213062,1.613091221,0.379477348,0.398063072,1.435429609,3.799587755,0,1.076509942,0.320357546,0.315240707,1.562507271,3.208613671,0,0,0.658246913,0,0.200404415,4.68889706,0,2.166459153,0.321929207,0.684086957,8.585596529,0,0
0.164003891,0,1.443177244,0.432415638,0.117203808,0.22086965,3.297001852,0.154242809,0.711729347,0.212026419,24.19575923,2.108438775,8.580366691,0.500280145,0.177653331,0.304519269,5.370924253,8.242734938,0,0,1.682306215,0.377634431,0,0.76518431,1.596246111,0.375806942,0.662942403,1.212120776,5.691853247,0,0.467532986,0.345874163,0.295140443,0.131176215,6.064200935,0.104680859,0,0.570640855,0,0.941571966,6.941287904,0.488162049,3.936711849,0.392832026,1.069824398,8.202659262,0,0
0,0,0.11340302,0.258178901,0.165398969,0.185819587,2.935723568,0.126792571,0.601841094,0.284395419,23.98037674,2.168294406,8.634239853,0.397675604,0.170739521,0.537101684,4.699352518,9.339590282,0,0,2.277028805,0.461547085,0,1.266114003,1.924048065,0.598986239,0.820176873,1.412977953,5.110274462,0,0.578246233,0.360827357,0.30697066,1.587855037,6.040333712,0,0,0.542633454,0,0,7.939420559,0,3.437807616,0.555849685,1.077566233,8.162659545,0,0
0,0,0,0.409787589,0,0.768534585,2.663702267,0,0.623315448,0.339613439,24.23883534,2.029271511,8.671287324,0.508270058,0,0.411494158,5.773307773,10.61630198,0,0,1.680812576,0.438601635,0,0.985124491,1.472626002,0.766294357,0.947511948,1.427905999,4.398056741,0,0.335185448,0.417903338,0.244015464,1.101021385,5.042730231,0,0,0.607757064,0,3.239401135,6.165062113,0,3.981681869,0.535692346,1.000305289,6.953323627,0,0
0.182386413,0,0.255688009,0.300770177,0,0.532354174,3.155150989,0,0.588879674,0.233471232,26.93966063,2.036280946,9.177287265,0.547769166,0.138485522,0.239342307,3.850744906,8.310351676,0,0,2.912230977,0.423631052,0,1.472431704,2.04845703,0.568697539,0.729446321,1.229380214,4.377908571,0,0.592767692,0.378210642,0.29727717,1.253992943,4.804779904,0,0,0.597016877,0,1.312362754,5.501257675,0.322498337,3.265403042,0.485955837,0.849639853,8.165339247,0,0
0,0,0.142522123,0.358763322,0,0.20371572,3.335622473,0.151622347,0.73779244,0.211687477,25.49459163,2.034708838,10.2480482,0.535470414,0.162973436,0.285603343,4.695200669,8.174686393,0,0,2.491557394,0.366795054,0,1.058334805,1.690778042,0.410837012,0.777890836,1.207360109,5.248937467,0,0.65280708,0.336785527,0.262740261,1.309832019,5.253338641,0,0,0.53751328,0,1.040769395,6.633056834,0,3.236427399,0.412123038,0.968246219,8.741729748,0,0
0,0,0.145974533,0.465219055,0.120486261,0.267735997,3.009329009,0.126735018,0.652777967,0.279381021,22.31793828,1.699192267,7.78696524,0.469743282,0.277473954,0.322223705,6.619616676,9.629787651,0,0,1.568815474,0.346806855,0,0.666237703,1.411146039,0.397354518,0.767717004,1.470836746,5.255399029,0,0.466199344,0.34040178,0.28759309,1.001303731,6.357162854,0,0,0.551004322,0,1.267033878,7.936110746,0,4.600207399,0.451896569,1.324785619,7.848653572,0,0
0,0,0.150018607,0.421504964,0.095756787,0.232335629,3.036989849,0.121410191,0.581367452,0.22051035,21.19864992,1.656107681,8.08513521,0.448764161,0.217948784,0.413138631,5.399121698,7.356136074,0,0,2.11687119,0.410470889,0,1.03506033,1.742693963,0.417083227,0.691927218,1.127231517,6.271605982,0,0.492632051,0.364558318,0.266351127,1.288857238,7.85302358,0,0,0.601919027,0,1.119494118,8.757766947,0,3.252509398,0.367917974,1.272156365,10.36648452,0,0
0,0,0,0.536038854,0.12870953,0.299817622,2.645714337,0,0.643672383,0.335004828,22.60286488,1.748045867,7.320341624,0.446299543,0.18761413,0.308757677,7.072572989,10.7664487,0,0,1.489433529,0.444811979,0,1.145529284,1.320094452,0.560349515,0.840306913,1.529962317,5.055306364,0,0.417267838,0.46404684,0.240737528,0.980411544,5.861703633,0,0,0.566068185,0,1.596986422,7.563281138,0,5.001871514,0.466425327,1.150028408,7.428957778,0,0
0,0,0.14455146,0.36181359,0,0.201672612,2.951176352,0,0.505908217,0.177557862,24.83380103,1.93607611,9.218245479,0.527858078,0.150601526,0.262397892,4.563172337,8.265442258,0,0,1.687734235,0.377295812,0,1.310886588,1.795884924,0.498934976,0.534101636,1.260142456,4.646627688,0,0.449560425,0.388798808,0.294431354,1.381635243,6.409955316,0,0,0.66283399,0,1.360418944,6.545112812,0,3.894041547,0.420180314,1.266836166,9.077632739,0,0
0,0,0.167106261,0.568726794,0.146611883,0.335412014,3.126516652,0.182394389,0.707998802,0.283985395,23.27023336,2.14880388,7.927757661,0.490928799,0.27240591,0.361266667,4.779126247,7.785864609,0,0,2.270119512,0.446632419,0,1.20678367,1.431395663,0.608703536,0.647821976,1.113779621,5.75298943,0,0.577545022,0.39042706,0.237909599,0.829963718,6.459181027,0,0,0.515713093,0,1.466528661,9.296393016,0,2.998920546,0.479888793,1.191509017,8.814622007,0,0
0.146669831,0,0.076096419,0.074406477,0.046953714,0.054309588,3.691365781,0.044453723,1.19756119,0.064510585,37.67191416,1.807260399,13.79593801,0.701762153,0.100811467,0.08086537,1.5592272,9.51641257,0,0,5.792333706,0.519682092,0,1.202698555,2.062976,0.129803432,0.478798625,1.771818186,1.22647918,0,2.610485591,0.176017076,0.509528595,2.965007605,0.957105264,0,0,0.675650617,0,0.562828431,1.473333642,0,0.756372608,0.214953957,0.263865972,4.457965032,0,0
0.039008531,0,0.062856313,0.058128627,0.055685303,0.041073328,3.419239697,0.037078545,1.130332078,0.062096713,37.47459427,1.790975656,13.44157794,0.681007925,0.053910689,0.131437548,1.604151844,9.438680002,0.056355497,0,6.270546711,0.520664994,0,1.165799496,1.855851579,0.138687631,0.402184946,1.761461926,1.125062269,0,2.904390814,0.176322617,0.480171476,2.909474016,1.044575647,0,0,0.694875789,0,0.610669271,1.521044069,0,0.799800712,0.210791309,0.301274863,4.971897613,0,0
0,0,0.082060972,0.129690627,0,0.13207452,2.726266511,0.060388055,0.992165221,0.111827432,28.74538263,1.489572581,9.848566226,0.530629194,0.065588045,0.169286445,3.734228959,7.790042842,0.065292042,0,6.178715382,0.472954443,0,0.934947386,1.556526919,0.209610033,0.657854152,1.505564659,2.1418115,0,2.630687137,0.30055193,0.534615184,2.594705596,4.965843021,0,0,0.890141729,0,0.872622432,4.12169183,0,2.29220317,0.331634717,0.92401004,8.56346855,0,0
0.081387418,0,0.072351678,0.062013578,0,0,3.095295792,0,1.248560726,0.072939222,33.59033844,1.324388185,13.12016745,0.708031944,0,0.103433303,2.516023238,9.908145198,0.097374062,0,6.295785845,0.431163434,0,0.968440176,1.529397103,0.189782499,0.615792287,2.021638105,1.295391395,0,3.193463953,0.320272942,0.619831088,2.780561097,1.809129857,0,0,0.955795658,0,0.192231031,1.823464776,0,1.605464949,0.290449612,0.455593816,5.781810508,0,0
0.098979502,0,0.073704603,0.081214382,0,0.055279448,2.960103444,0.04540945,1.177442821,0.076144751,33.35102576,1.304114181,12.58567606,0.673866135,0,0.111864213,2.985105351,9.915156504,0.06163921,0,6.019589193,0.427238269,0,0.988473866,1.4442357,0.196566466,0.791627879,1.923577866,1.392202858,0,2.904930981,0.311403993,0.585114747,2.524931867,2.178187716,0,0,0.863783622,0,0.915721599,2.004576912,0,1.996587698,0.28811797,0.494347653,5.383641784,0,0
0,0,0.087275411,0.087989789,0.035236819,0.053518206,2.902584324,0.042032483,1.1522102,0.083414415,33.98299476,1.670152505,13.37274439,0.68055129,0.063515618,0.132324201,2.144036996,7.610071952,0.041395974,0,6.112457328,0.416497289,0,0.794048913,1.360547262,0.129709339,0.446726299,1.366330685,1.461661706,0,2.445398509,0.22198999,0.395228317,2.775864629,2.604414027,0,0,0.802123123,0,0.627783905,2.821920874,0,1.069976696,0.222606522,0.671844083,8.674093508,0,0
0,0,0.078863947,0.109208833,0,0.100614583,3.184471977,0,1.381165008,0.219499388,32.690896,1.509331874,13.44092951,0.708630452,0,0,1.811798209,8.338776881,0.0783032,0,6.249387633,0.446819799,0,1.324736055,1.481318279,0.303616977,0.704871357,1.751083567,1.349228828,0,2.44432702,0.349636308,0.47283369,2.321047547,2.186452022,0,0,0.791752131,0,1.136612444,2.593633554,0,1.305099453,0.397398355,0.493601583,7.055754952,0,0
0,0,0.076949402,0.128648494,0.050105028,0.078722995,3.603700613,0.048653242,1.665802168,0.08446149,33.13613087,1.563595236,14.84560339,0.776040665,0,0,2.352419222,9.255708736,0.048953676,0,5.319103461,0.35628075,0,1.015843368,1.471972213,0.173280807,0.713851295,1.889969356,1.563425036,0,2.314190135,0.268840568,0.477441338,2.071905906,1.683340131,0,0,0.774283838,0,0.774954852,2.430552764,0,1.436888169,0.278400305,0.463668341,6.081355678,0,0
0,0,0.085716694,0.050442407,0,0,3.36125889,0,0.847927909,0.093987604,35.61346437,1.416659823,10.60133814,0.556171807,0.049066866,0.042623816,2.310803603,10.11003919,0.068529269,0,6.84589796,0.524371095,0,0.962973337,1.508849798,0.186144879,1.071670237,1.879949493,1.096231179,0,3.400008375,0.263732267,0.578950302,2.44020629,1.704074551,0,0,0.840808579,0,1.241952038,2.164304398,0,1.376052993,0.453250026,0.443692413,5.123417993,0,0
0.0629734,0,0.115466282,0.079316458,0,0.056068887,3.565648917,0,0.982900692,0.069681317,35.80889413,1.588390358,11.78596514,0.618413606,0,0,2.111331217,9.910539131,0.061076573,0,6.624785148,0.565626837,0,0.913843043,1.409596888,0.231359551,0.785239395,1.891398036,1.115105778,0,3.173064627,0.238658787,0.52001399,2.428645463,1.424710278,0,0,0.778339992,0,1.406413775,1.87630138,0,1.179855327,0.354648041,0.422792712,4.870143798,0,0
0.211834911,0,2.118531806,0.28765117,0.09402679,0.147357255,3.105545794,0.07678357,0.855020478,0.113710622,26.66620063,1.774638313,11.09375231,0.551984517,0.200898233,0.232230463,3.644764831,7.210584929,0,0,2.00853858,0.410080466,0,0.686840093,1.508556004,0.204813563,0.395027149,1.113388541,4.939105562,0,0.559899966,0.225724597,0.334574592,1.773502613,4.56136531,0,0.200738571,0.799065322,0,0.141088872,6.940643914,0.148645054,2.217520769,0.217151629,1.278180675,10.02092942,0,0
0,0,0.189052035,0.439389726,0,0.239528448,2.498116485,0.148935603,0.721957614,0.155337006,22.64979768,1.663119772,8.861869199,0.491153223,0.19146974,0.374105743,4.755939015,6.940978406,0,0,2.111462862,0.388879204,0,0.869302398,1.351104649,0.632935481,0.832138345,1.104652215,6.680131114,0,0.462582178,0.271916605,0.316216242,1.156822925,7.638360778,0,0.220300608,0.617260535,0,0,8.746315691,0,2.314054809,0.321727292,1.20768551,10.73683616,0,0
0.132026753,0,0.144340205,0.309965763,0,0.169515717,2.799854159,0,0.829825443,0.27212751,27.71941622,2.041683305,10.83054452,0.600670758,0.12509559,0.33398131,3.376790898,9.187942202,0,0,2.661066034,0.44692211,0,1.048597456,1.704757055,0.551244637,0.744290598,1.321218026,4.584275638,0,0.649994106,0.268981554,0.346264076,1.80449582,4.116150335,0,0.403291809,0.696008529,0,0,5.953689175,0,2.819882576,0.395381255,0.900244019,7.825309592,0,0
0,0,0.107561398,0.306578494,0.079497512,0.255811318,2.914091237,0.080144836,1.087545843,0.133127088,27.90736361,1.776179622,13.59685563,0.682450436,0.137218161,0.195637379,4.020450272,8.801152792,0,0,1.445451969,0.343586723,0,0.689692497,1.368427158,0.291882407,0.363250539,1.383748711,4.619876751,0,0.426676,0.311889479,0.24902784,1.634525891,3.72651268,0,0.206452734,0.727524523,0,0,5.360236668,0,2.50688627,0.191329001,0.994015199,10.01923893,0,0
0.051194198,0,0.122087378,0.228594868,0.062688153,0.138114964,2.955656968,0.076897553,1.173495782,0.102250252,28.96585021,1.855328126,14.75682302,0.718912732,0.121888942,0.196773544,3.39625935,8.508311865,0,0.065715174,1.964667022,0.33265013,0,0.634031579,1.428352054,0.221762382,0.301008404,1.380561033,4.061249087,0,0.627813621,0.347811134,0.244250279,1.974057325,3.072411205,0,0.255563647,0.895774563,0,0.117098615,4.327247252,0.131274326,2.112732067,0.180009657,0.858356133,10.0796678,0,0
0.127214968,0,0.126176482,0.499194609,0.137419172,0.280837008,2.805615026,0.123589075,0.964929518,0.229929979,23.20842269,1.789550758,9.072928901,0.56036745,0.204371181,0.302659524,4.049158746,7.256772785,0,0,2.419741328,0.342004667,0,0.690971099,1.401077357,0.422483532,0.890784764,1.195075744,6.207627445,0,0.467970031,0.381345394,0.225882949,1.082597114,6.481208243,0,0,0.70448064,0,1.494128865,9.149837253,0,2.569372811,0.535288666,1.178182909,9.91594445,0,0
0,0,0,0.42051776,0,0.242899048,2.399717377,0,0.674584981,0.317364334,22.5039071,2.01578846,6.366672722,0.52570317,0.192093912,0.444066205,5.268746407,10.35212099,0,0,7.694342347,0.49502143,0,1.027542174,1.478498516,0.602611757,1.022042559,1.473882387,4.553002367,0,0.486013196,0.355077589,0.281127382,1.2255473,4.939874128,0,0.208602611,0.575066317,0,0,6.813298131,0,4.371946657,0.497743043,1.179990171,6.607917545,0,0
0.159422468,0,0.117512251,0.302817199,0.085660928,0.167193663,2.761094193,0.118690314,0.792235119,0.212148127,26.07558955,2.021983122,9.632315444,0.530689921,0.133841936,0.415953059,4.036974676,9.020879545,0,0,2.7544238,0.472078691,0,1.035609104,1.877589622,0.495114272,0.65779588,1.390825357,4.898461591,0,0.835841827,0.264732607,0.29705671,1.897994414,4.562968855,0,0.309092393,0.763127742,0,0,6.277151174,0,3.1292832,0.370372697,1.00942573,8.461344658,0,0
0.083860751,0,0.087741068,0.229726117,0.08736069,0.127638272,2.725088086,0.077863712,0.9101083,0.197455292,28.87892419,2.017161033,12.39292475,0.586351399,0.097935839,0.295001924,3.949649271,9.132665193,0,0,2.951988781,0.481122713,0,0.979885196,1.64738163,0.395190716,0.425662503,1.401746629,3.447850019,0,1.022745931,0.243155132,0.314435943,2.250793306,3.537405226,0,0.158074867,0.731735752,0,0,4.573298213,0,2.909490964,0.259372581,0.862969709,8.260403838,0,0
0,0,0.122339402,0.376931025,0.094668453,0.206915542,3.233631268,0.12677432,1.038872039,0.154061964,26.69527514,1.709825343,11.04475591,0.563124228,0.156731189,0.203417384,4.132319303,8.437111379,0,0,2.739695205,0.376859162,0,0.865998049,1.325156918,0.325502351,0.455508255,1.295400085,5.303202232,0,0.834936875,0.288750066,0.254111111,1.411547526,4.007988395,0,0.24913095,0.659558572,0,0,6.435935959,0,2.786363911,0.28973398,0.994259809,9.688336865,0,0
0,0,0.125670271,0.483530238,0.110308152,0.259320035,2.749744027,0.098182567,0.626946638,0.172701307,23.07954504,1.565135433,8.209752553,0.492973373,0.220287541,0.325748126,4.920242836,6.945694279,0,0,1.943798712,0.498328092,0,0.806275964,1.37556331,0.346240401,0.460667556,1.04402753,6.715081222,0,0.51844209,0.264997376,0.240201361,1.264651997,6.198634011,0,0.23233024,0.707773828,0,0,10.0334415,0,2.723884196,0.298409709,1.649765574,11.0086156,0,0
0,0,0.139306432,0.495503515,0.127563461,0.285425451,2.701992004,0.114933062,0.834401585,0.199122735,22.43751129,1.579156719,7.837064278,0.476621008,0.18928999,0.289628226,5.522439367,8.028361689,0,0,1.735891354,0.417080432,0,0.735614708,1.376698948,0.44336089,0.67507007,1.309542891,5.840379838,0,0.51995509,0.321791923,0.292246497,1.094836855,7.152640244,0,0.221524379,0.606328065,0,0,8.41765298,0,4.066955744,0.314646299,1.420830229,10.27512878,0,0
0,0,0,0.553294846,0.154812155,0.311228848,2.665522244,0,0.76278815,0.240282792,22.39105705,1.570572184,7.085354267,0.606834514,0.195108759,0.4528703,5.853988305,9.391997525,0,0,2.296055437,0.395314118,0,0.946109186,1.276434318,0.651184212,0.979527412,1.369678771,5.122612227,0,0.377429806,0.343371849,0.303678196,1.10907783,6.730289958,0,0.278751803,0.632153839,0,0,8.54962654,0,4.030705614,0.464956398,1.341058141,7.840010996,0,0
0,0,0,0.348178568,0.110947649,0.192391803,2.601221942,0.096173735,0.888309916,0.197906147,25.24414942,1.769929603,10.41346353,0.57455894,0.153991254,0.307784349,5.293805793,10.1088725,0,0,2.039229999,0.379841883,0,0.73817418,1.231946951,0.359764647,0.591832966,1.537170849,4.640254415,0,0.572211134,0.358324263,0.255116301,1.501539806,4.825647613,0,0.234983023,0.700064286,0,0,6.081484294,0,3.801237035,0.269670345,1.15105799,8.949654199,0,0
0,0,0,0.515478829,0,0.288845452,2.430513942,0.152707308,0.653659822,0.242493666,21.64716872,1.756727875,6.241061868,0.429156952,0.201620179,0.457052765,6.685548531,11.02602844,0,0,2.823057232,0.433753075,0,0.84412565,1.136264928,0.556361835,0.713384742,1.583979436,5.397087811,0,0.351756838,0.372640583,0.277926705,0.931933716,5.853096676,0,0.277741585,0.522754457,0,0,7.912658896,0,5.24572863,0.36740948,1.44501502,8.027919239,0,0
0,0,0,0.407987406,0,0.224844908,2.22796274,0,0.524543538,0.199158985,23.62189637,1.713733596,6.372061283,0.451274772,0.165406602,0.405618251,5.52120904,10.08317366,0,0,2.453043181,0.628394867,0,1.289575003,1.340886818,0.585004235,0.818318545,1.423157857,4.779116246,0,0.555992953,0.384912725,0.425122107,1.188137765,6.585493605,0,0.374610847,0.759706901,0,0,7.667722642,0,4.761233206,0.423554743,1.469086632,7.786451033,0,0
0,0,0,0.54599085,0,0.307651787,2.557607691,0,0.65450683,0.243234365,21.09941301,1.4840109,5.817664469,0.453566872,0.197179393,0.44161874,6.351786176,9.590279877,0,0,4.057794335,0.434407756,0,0.966346978,1.310010542,0.622327425,0.852937288,1.378367355,5.017066104,0,0.360578511,0.333037999,0.306257677,0.911437206,7.529730877,0,0.273059111,0.591984191,0,0,8.310341559,0,4.54493147,0.474379762,1.244764363,8.084011122,0,0
0,0,0,0.34551745,0,0.188740373,2.549194992,0.118427104,0.614314801,0.340350176,23.12374206,1.954940955,6.68378865,0.397507857,0.148305998,0.322274977,5.621563057,10.60573176,0,0,4.957459551,0.441489148,0,0.966692584,1.626670165,0.50889575,0.744454882,1.472432824,4.908247613,0,0.652409553,0.308513093,0.331364385,1.274680587,5.561719075,0,0.199887318,0.555567518,0,0,6.711039449,0,4.678055045,0.45936112,1.1315362,7.596929291,0,0
0.143550166,0,0.230918864,0.352695003,0.098733637,0.202946136,2.503997589,0.109254298,0.863480418,0.326015658,24.70047254,1.870625936,8.93933545,0.542355813,0.19600718,0.252459995,6.279365248,11.2264537,0,0,1.898962582,0.40485006,0,0.707346797,1.147788042,0.369521127,0.806026899,1.577188961,4.294177661,0,0.519267882,0.352080837,0.254306703,0.093891862,5.742924329,0,0,0.622706456,1.696653303,0,6.574168001,0.325875664,4.514588978,0.489046175,1.092026519,6.970643793,0,0.210709723
0.12581749,0,0.132912873,0.381889148,0.105846926,0.21896036,2.872859902,0.116546274,0.915055676,0.190633786,26.58625808,1.682960589,10.26199703,0.550453827,0.150512899,0.230523993,4.290761995,9.296969683,0,0,4.466767119,0.402409829,0,1.078583164,1.468677407,0.410551233,0.596173912,1.388621184,4.513875457,0,0.647522577,0.301607024,0.309719574,1.193145815,4.207420036,0,0.192551286,0.576306074,0,0,5.729461005,0,3.189941567,0.371855772,0.895566077,7.990774126,0,0
0.066650172,0,0.125464475,0.498488975,0.122643378,0.283036006,2.625225222,0.134217848,0.532312369,0.395276012,17.98795111,1.519350071,5.376827341,0.36129016,0.284207841,0.40469549,6.883493261,8.381072345,0.075530428,0,2.460312648,0.699080755,0,1.278849528,1.224840934,0.296099837,1.546960502,1.176020135,7.025621731,0.537578704,0.199172087,0.633682359,0.454595618,0.674577368,6.255171769,0.208665859,0.569493698,0.53101283,0.074966947,0,10.38408258,0,4.956109326,0.264028252,1.979223732,9.833921515,0,0
0,0,0.118015521,0.497187949,0.116678425,0.274345098,2.409384994,0.108857037,0.482110087,0.518763307,18.61562711,1.395275054,4.614676719,0.35730877,0.263855733,0.370911245,7.653969476,10.45605776,0,0,2.349022891,0.752170642,0,1.402278506,1.050646076,0.422430619,1.507102174,1.396760309,5.551605114,0.571581665,0.190653206,0.8636463,0.496770267,0.791989877,6.178866816,0.418580421,0.729340219,0.651759369,0,0,9.631352417,0,5.170135828,0.334592942,1.892993135,8.046703827,0,0
0,0,0,0.328324175,0,0.22467077,2.317566858,0,0.533097385,0.489001904,22.38978851,1.722898689,6.202205261,0.565118839,0.331103381,0.459378836,6.403953333,12.01103248,0,0,2.623026103,0.629703125,0,1.362212202,1.536260101,0.583209111,1.127258097,1.598075523,4.114157182,0.77259737,0.215367802,0.444105377,0.375265923,1.394877795,5.522288695,0,0.457572357,0.624063126,0,0,7.006286386,0,5.149009159,0.513541153,1.414226783,6.593571157,0,0
0,0,0.100470949,0.392085192,0.109029717,0.222557409,2.340683768,0.10747919,0.709364545,0.436621782,20.45055377,1.603539821,8.168936945,0.457097172,0.244907747,0.466863951,5.964361412,8.352387733,0.072292216,0,2.649252771,0.803001456,0,1.511876321,1.034804564,0.31819267,1.558478352,1.156764319,5.380286443,0.62893113,0.313519964,0.919837805,0.467109035,1.08738546,4.955241514,0.279204911,0.401179608,0.600439501,0,0.656015239,8.704329663,0,3.534685326,0.318654456,1.80316789,9.466688228,0,0
0,0,0.114705268,0.409512449,0.128284433,0.2411178,2.825658303,0.107831607,0.902270402,0.356197815,24.49154841,1.777509443,9.127559739,0.504445221,0.184360068,0.293221685,5.49443348,10.04242727,0,0,2.977342336,0.57139355,0,1.132057724,1.182042568,0.417880285,1.04480826,1.415492749,4.12307513,0.888285906,0.271593022,0.48469312,0.336817488,1.289436646,3.886175093,0,0.359351717,0.627403569,0,1.158135012,6.14829303,0,4.068911962,0.404606406,1.213256399,7.415465803,0,0
0,0,0.129792678,0.389517844,0.089622796,0.217796419,2.877435759,0.116351505,0.616530757,0.359233042,20.19449552,1.623579631,7.033688548,0.415193386,0.226001637,0.362469355,6.758335263,9.316448916,0,0,2.44317215,0.574749335,0,1.064832641,1.257758204,0.295778376,1.15862048,1.432850757,5.529957939,0.671294679,0.20715426,0.518193081,0.405396123,1.087318399,6.145650536,0.230818643,0.514150172,0.534216758,0,0,8.518250717,0,4.914060497,0.285834963,1.668784661,8.840723436,0,0
0,0,0,0.272992129,0,0.150764343,2.492831543,0,0.588891071,0.436564761,24.55832466,1.943418517,8.495706445,0.540186278,0.15033422,0.362411826,5.422296151,11.26424946,0,0,2.580825668,0.57093917,0,1.51008076,1.773504023,0.653074165,1.195633084,1.651072589,3.47860024,0.69654298,0.284177643,0.369784652,0.358248878,1.676075316,4.988095848,0,0.242211568,0.631542071,0,0,5.685838365,0,4.528878284,0.485195466,1.1358637,6.445915458,0,0
0,0,0.142080658,0.368887839,0.089936828,0.208965755,3.025174347,0.139629495,0.534746822,0.35519696,22.11695453,1.982435666,6.705962874,0.424173349,0.267067982,0.361584881,5.055453587,8.82131101,0,0,2.312563374,0.556969294,0,1.37539577,1.895514316,0.426092341,1.000254495,1.335760565,5.65575907,0.671249554,0.29750777,0.353438054,0.331294303,1.282731839,6.054107494,0,0.267297384,0.581863027,0,0.95532674,8.381766877,0,3.96025616,0.418949261,1.441805198,8.628218398,0,0
0,0,0.119382776,0.434588314,0.112613439,0.24586927,2.335344915,0.117544402,0.614090386,0.371954822,20.02020667,1.567158114,6.917621607,0.439316246,0.252507767,0.4115142,6.296339472,7.619871921,0,0,2.177307687,0.718323703,0,1.349989373,1.108171049,0.35914171,1.422010845,1.085858016,5.961969005,0.484463106,0.305161554,0.671857176,0.39257274,0.865358633,6.468408325,0.314141246,0.437745189,0.602711991,0,0,10.10268634,0,3.632409428,0.376561543,1.945796576,10.09037277,0,0
0,0,0.193662887,0.382491559,0,0.217548305,2.465761947,0.148601008,0.8067642,0.506233943,24.26072549,1.689200758,8.887676312,0.575592275,0.272172178,0.315125443,3.620678028,6.891735724,0,0,3.704053799,0.64102237,0,1.742711848,1.307908869,0.681725633,2.016002604,1.042922107,4.617574696,0,0.548233912,0.609933144,0.271020159,0.795055419,5.06734764,0,0,0.603952969,2.397114751,0,8.304518469,0,1.975416277,0.642935845,1.217705816,8.067851425,0,0
0,0,0.114236602,0.359212565,0.109779344,0.207002403,2.946547599,0.072984803,0.576571782,0.324766817,23.40619239,1.43499477,8.025439705,0.451730862,0.164746067,0.195425773,6.745482166,9.849572459,0,0,2.617076809,0.674944335,0,1.033421466,1.225856466,0.251756746,0.902383765,1.533456599,4.190399949,0.906894284,0.205608353,0.408978437,0.400053742,1.347424628,5.262305236,0,0.28629498,0.657521028,0.665043765,0,7.159021161,0,4.756470405,0.263714588,1.819948147,7.84276008,0,0
0,0,0,0.379666442,0,0.215259504,2.299984291,0,0.426622245,0.436200934,21.7879979,1.385361138,6.409731615,0.433610888,0.154033924,0.399081449,6.414646393,10.64658496,0,0,2.875931222,0.763219331,0,1.466702107,1.389219062,0.656691684,1.61190828,1.549228912,4.058633499,0.752039651,0.191654029,0.557079328,0.45853929,1.206313855,5.398256937,0,0.343958086,0.647715792,0,0,7.620857024,0,4.892157986,0.546007784,1.689104993,7.281182296,0,0
0.193037483,0,0,0.398346766,0.099610835,0.225720087,2.585777299,0.117738895,0.55788212,0.47505099,20.21083219,1.55586793,6.131303094,0.436929596,0.244372536,0.468687715,7.243623915,9.363411721,0,0,2.528270623,0.575446796,0,1.120928129,1.291215348,0.424995093,1.360409526,1.43984031,4.76087058,0.643397178,0.245664813,0.509805609,0.407737791,0.994441532,7.2523482,0.27425331,0.511232971,0.578428269,0,1.017452942,8.195263065,0,5.158426502,0.500489284,1.635936191,7.257428534,0,0
0.125583117,0,0.157616986,0.329359118,0.084800058,0.191113818,2.795450805,0.101764505,0.660292682,0.310267627,22.5277663,1.671739179,7.372898367,0.468587623,0.200266622,0.326878743,5.943906026,9.600683023,0,0,2.618913986,0.542886836,0,1.088011948,1.537894639,0.294387585,1.632093442,1.532882786,4.664426407,0.7459213,0.270162054,0.4609239,0.392527247,1.08902083,5.763773558,0.224941788,0.348142484,0.667522597,0,0.799158622,7.373522288,0,4.498566639,0.574762572,1.381205535,7.833947001,0,0
0,0,0,0.496137144,0,0.280583444,2.601749514,0,0.619682691,0.683614898,22.51130807,1.714843459,6.109499015,0.472538801,0.259831772,0.529562126,4.791772457,9.70977338,0,0,3.113934608,0.7994451,0,2.003693243,1.484628013,0.74460761,1.247084857,1.350470627,4.495928141,0.493691634,0,0.487503886,0.293119193,1.065692124,5.355899477,0,0.326836945,0.543791447,0,3.765117873,6.879992992,0,3.837236528,0.758323505,1.062175462,6.831341876,0,0
0,0,0.129053249,0.508778676,0.131024583,0.29438546,2.337626155,0.085492888,0.377748527,0.603915535,20.5306837,1.474433954,4.32825897,0.322034697,0.287860743,0.352634965,7.379365627,10.87006364,0,0,3.072969905,1.128688537,0,1.671989902,1.141345177,0.373230385,2.242925544,1.41466489,5.025021788,0.671883936,0.307808995,0.756403386,0.539997272,0.150667631,5.075343153,0.402163902,0.568112629,0.539825882,0,0,9.294503759,0,5.253909822,0.418379289,2.091355229,6.633161169,0,0
0,0,0.118149291,0.452184415,0.114772281,0.250844441,2.302754304,0.09443326,0.406241496,0.442863002,18.20778666,1.376529586,4.369190107,0.295502535,0.248023021,0.521470288,7.253532686,8.757817975,0,0,3.059002659,0.984201427,0,1.650875064,1.054003001,0.31515495,2.15194791,1.138385039,5.308025377,0.60234928,0.249364076,0.624898534,0.474794455,0.916309523,6.644288351,0.446993846,0.350865602,0.648968444,0,0.709305232,10.53004911,0,4.952553538,0.353227489,2.330925787,8.325055894,0.128769551,0.150934673
0,0,0,0.389430024,0,0.230725893,2.79362688,0.126793008,0.463438778,0.559153117,22.22347135,1.975127407,5.978985449,0.424129628,0.225831832,0.432298044,5.825695904,10.67616992,0,0,2.60651542,0.749293791,0,1.74726842,1.757129036,0.504029611,1.451852264,1.386192956,4.653601624,0.629943216,0.288365142,0.444990542,0.360118187,1.341808102,5.274043319,0,0.392404993,0.535909939,0,1.21010055,7.123604362,0,4.720831661,0.421298194,1.379094178,7.177276457,0,0
0.081938945,0,0.120123871,0.34768797,0.093002284,0.262797487,3.303502524,0.126487392,0.949593274,0.264478455,25.2114496,1.965831326,10.60242221,0.563633507,0.217368864,0.202735642,4.496799709,7.464932221,0,0,3.047505449,0.581290563,0,1.244397085,1.379470719,0.26094442,1.020580504,1.186808429,5.125065906,0.857190298,0.264235946,0.408175061,0.300915135,1.262286643,4.152654758,0.223343287,0.218019182,0.65754279,0.213897264,0,6.931893994,0,2.69649965,0.260261384,1.229656553,9.497280255,0,0
0,0,0.172564448,0.390936256,0,0.222956814,2.725265448,0.142875303,0.690872467,0.381621549,22.68923052,1.793167293,8.198668898,0.490376825,0.294276966,0.365655304,4.923037632,7.877857991,0,0,3.082218169,0.771464638,0,1.825275478,1.26144684,0.443839396,1.344146964,1.098637719,5.03297915,0.562970599,0.277957194,0.640296749,0.366511405,0.991078055,5.170183118,0.114975197,0.57176271,0.531095868,0,1.844523079,8.122588121,0,3.377704389,0.407210348,1.423121575,8.1591276,0,0
0,0,0.180237992,0.609997484,0.155650889,0.347604674,2.317380724,0.136240012,0.529204679,0.315264321,18.83291289,1.424071374,4.548223311,0.409032582,0.273531292,0.428819437,5.909473101,7.305530831,0.173533079,0,2.145708174,0.553575342,0,1.141873214,1.339022954,0.57705284,1.602054054,1.119870822,7.468689322,0.438576808,0.214320025,0.421287292,0.323501459,0.668324866,8.35713143,0,0.291401889,0.592581986,0,0,11.10189687,0,3.83332186,0.495286975,1.572780028,9.879244538,0,0
0,0,0.150072628,0.465592314,0.135591457,0.261442043,2.351058179,0.10889321,0.703068145,0.410755766,22.7045703,1.738382388,7.305499426,0.467711982,0.224125714,0.334908063,6.27467857,9.563651763,0,0,2.095412384,0.63015709,0,1.281656649,1.073644286,0.455534666,1.043884075,1.386979189,4.902828255,0,0.493608928,0.399821384,0.318308144,0.988420348,5.833534942,0,0.293117277,0.662807614,0,0,8.271197121,0,4.239233455,0.417660234,1.550927707,8.651718148,0,0
0.118629668,0,0.161594639,0.460217085,0.115480245,0.257713082,2.777253792,0.154870527,0.702347197,0.284585048,24.00932377,1.91937897,7.9855068,0.481524394,0.202195791,0.250227651,5.152437295,8.963720139,0,0,2.641192475,0.519906501,0,1.151445579,1.389302845,0.44029024,0.798030013,1.3123868,6.090148392,0.69038128,0.292912209,0.386908498,0.307497523,1.171523532,5.059043462,0,0.555741339,0.650384292,0,0,7.501224169,0,3.722370264,0.400914013,1.211470152,8.541428316,0,0
0.133488858,0,0.13653133,0.526669124,0.135017056,0.297270468,2.672197002,0.150161494,0.850383145,0.314940924,23.46320468,2.154089287,6.72976714,0.490080242,0.209240773,0.561166901,4.316518672,8.287485373,0,0,2.34156121,0.547729253,0,1.34510203,1.732661024,0.615102938,0.993176353,1.254821043,6.44487323,0.514422719,0.314822205,0.330876644,0.2978025,1.302191426,5.755783182,0,0.265904424,0.602309031,0,0,8.719960476,0,3.306148981,0.386746343,1.178946932,8.042972662,0,0
0,0,0.118265584,0.456528573,0.1209266,0.257057206,2.484806651,0.136417345,0.597930014,0.458874612,22.38246485,1.993761868,5.866230744,0.458161442,0.213377188,0.395761468,6.365308138,10.91917359,0,0,1.826405298,0.555264946,0,1.050378515,1.593025927,0.543463087,0.895627063,1.413710495,5.55467491,0.491163644,0.213529137,0.344368153,0.304482296,1.099806024,6.013709326,0,0.216528752,0.548802905,0,0,8.177069697,0,4.908471515,0.500842096,1.246096031,7.333714518,0,0
0,0,0.130841555,0.573878287,0.153629538,0.332617846,2.227299162,0.125917658,0.539625865,0.410893162,20.3799022,1.659151918,4.880362733,0.438012683,0.456468857,0.428484375,7.058322964,9.48000559,0,0,2.273136847,0.614387212,0,1.150156155,1.264866304,0.562839794,1.520481832,1.385763425,5.486113812,0.397417035,0.281254632,0.454317128,0.399834949,0.806682074,7.421288827,0,0.22105927,0.554224597,0,0,9.365501059,0,4.771062849,0.504138386,1.554819418,7.671352007,0,0
0,0,0.145831032,0.43097389,0,0.245195704,2.336550356,0.119807967,0.606001991,0.394685882,23.07580733,1.943601837,6.221228802,0.421893927,0.18755257,0.353104518,5.774092432,11.06917966,0,0,2.269636393,0.630332999,0,1.502389752,1.66583405,0.508991389,1.004583466,1.476436358,4.945979114,0.586814477,0.263658318,0.361144548,0.310908619,1.149781313,5.76544087,0,0.275719962,0.587727805,0,0,7.500093162,0,4.579564162,0.577189472,1.170419696,7.305659765,0,0
0,0,0.10321477,0.367427674,0.119134432,0.214311323,2.580536598,0.08852902,0.944501002,0.266652266,25.76716658,1.705919592,12.03934762,0.628327558,0.197708527,0.284263247,4.228491287,8.830230353,0,0,2.218205469,0.623896264,0,0.951552506,1.241024712,0.35155029,1.10280566,1.391625945,4.747023297,0.611135539,0.336513367,0.412338997,0.336214675,1.393284998,4.160507293,0,0.197503208,0.683039563,0,0,6.314362886,0,2.661930166,0.266987284,1.210686559,9.236038096,0,0
0,0,0.160068558,0.490680748,0.157615188,0.293609284,2.986701792,0.153301503,0.825726153,0.214310523,26.09904189,1.903593884,9.161756712,0.508290338,0.217893103,0.247697398,3.92173613,7.789846708,0,0,2.878705593,0.523340438,0,1.311735537,1.443975525,0.366042168,0.874943689,1.156358813,5.947273369,0.706786878,0.357006356,0.348405374,0.299688007,1.113983919,4.534231301,0,0.225831163,0.580134394,0,0,7.318465404,0,2.850678498,0.344012915,1.068854595,9.161256543,0,0
0,0,0.205146662,0.409959372,0,0.222721739,2.683037061,0.148725123,0.868834948,0.276363493,25.51908742,2.180604373,7.410692498,0.569107167,0.251452573,0.344622141,4.044578434,10.21272854,0,0,4.319104507,0.72216512,0,1.49945376,1.352273241,0.693378039,1.323654669,1.380142092,4.636132624,0.635555884,0.380541005,0.433051808,0.300065593,1.022591897,4.179631948,0,0.302424249,0.555095858,0,0,6.338320962,0,3.371440228,0.560914486,0.962693103,6.861265021,0,0
0,0,0.110377879,0.449817183,0.122970482,0.25169473,2.644465468,0.131437869,0.685878788,0.271916153,23.77304253,2.091723528,7.837076075,0.456569061,0.199710991,0.375268269,4.06454233,6.857148062,0,0,2.201713483,0.510332181,0,0.924224053,1.649550531,0.382640607,0.685637593,1.053397843,6.834154195,0.686899398,0.301905765,0.290672252,0.273361958,1.385763292,6.474856029,0.193060968,0.237137539,0.670815797,0,0,9.184416395,0,2.60848111,0.364677633,1.286706924,10.37018112,0,0
0,0,0.091789742,0.34346719,0.116443744,0.198942359,2.64964883,0.086676234,1.02418057,0.226087561,25.82439415,1.757165664,11.86155968,0.622399771,0.183554737,0.297083801,4.603246431,8.604458391,0,0,2.126304215,0.529163101,0,0.965606624,1.160308892,0.315654318,0.82009023,1.330873117,4.360304663,0.571832774,0.267272983,0.351576098,0.270805614,1.394883145,4.299947346,0.167343965,0.195260935,0.777482349,0,0,6.417735875,0,2.967515121,0.369187323,1.243895175,9.378180785,0,0
0,0,0.103823591,0.363569618,0.113131372,0.211558887,2.776076362,0.108046129,0.848167274,0.270008793,25.30162424,1.773933461,9.966891406,0.54109869,0.190556562,0.255903801,5.156521909,9.447897324,0,0,2.267356698,0.505598342,0,0.790161096,1.328542188,0.318891695,0.737452078,1.480060962,5.144119655,0.812518204,0.32228133,0.386556721,0.309384986,1.534184222,4.220220429,0.222593413,0.235310421,0.734056569,0,0.837953674,5.736931136,0,3.436529748,0.261655091,1.053471486,8.608170528,0,0
0,0,0.115603902,0.270950777,0.087663572,0.245088472,2.876152136,0.118351209,0.913121491,0.41951183,27.94188062,1.680240528,11.58376371,0.607617823,0.176876279,0.326050224,2.807968726,7.236101624,0,0,3.607096751,0.444899898,0,1.23570849,1.671482712,0.564237669,0.701634503,1.293790191,4.502379774,1.14768398,0.335772203,0.312211512,0.28701346,1.753695175,4.042682489,0,0.46121372,0.719927299,0,0,5.221772482,0,2.196006795,0.342997371,0.887021386,9.618961439,0,0
0,0,0,0.491099918,0.127439016,0.281702879,2.61915766,0.138251154,0.711322282,0.367068899,25.34667937,1.934603688,7.203262553,0.51312599,0.217752162,0.397156443,4.986153245,9.756078761,0,0,3.198441644,0.573314997,0,1.063868583,1.395861217,0.586745607,0.778795438,1.437765659,5.158852152,0.730981731,0.247080845,0.390771572,0.339223985,1.151362204,4.981697465,0,0.300649675,0.648670945,0,0,6.691740748,0,3.963782843,0.4486254,1.132892983,7.897021445,0,0
0.179926138,0,0.157715435,0.331570894,0,0.167756953,2.403935566,0,0.712929279,0.283688939,23.91627436,1.888868477,8.299725971,0.578530461,0.217952625,0.39084618,5.257504373,9.958575481,0,0,2.350971007,0.734437573,0,1.661797714,1.413150031,0.656091244,1.546564306,1.453452984,4.621273516,0.503922195,0.361148298,0.45680303,0.354730599,1.156846467,5.282998301,0,0.225062597,0.664689313,0,0,6.821192782,0,4.179122308,0.571300486,1.220433899,7.164567039,0,0
0,0,0,0.240081063,0,0.201828592,2.434263779,0,0.640098779,0.260941658,24.82281507,1.91954551,9.092421696,0.513485571,0.144996986,0.297045358,5.201224825,10.20712158,0,0,2.252976154,0.487338404,0,1.013758452,1.867267497,0.488201642,0.710081471,1.51870724,3.853641014,0.783483634,0.264159048,0.296264858,0.333393127,1.727717308,5.417082974,0,0.187663296,0.673812116,0,1.559713668,5.484270399,0,4.559115697,0.422036275,1.043468787,7.484334007,0,0
0,0,0.205247063,0.395933383,0,0.215835386,2.689441228,0.121330608,0.658178841,0.269975836,21.12016152,1.69482684,5.767124687,0.474402539,0.210255331,0.345073181,5.871395054,9.426241611,0.184529761,0,2.142274901,0.49475028,0,0.876509982,1.342616776,0.53692882,1.052106332,1.432106632,5.431727623,0.498879144,0.268719693,0.388675536,0.321019536,0.889388675,6.734215338,0,0.27540694,0.610150947,0,1.959216342,8.051386938,0,4.608699582,0.566791668,1.317177176,8.011838071,0,0.810148236
0,0,0.100177716,0.361106486,0.116317845,0.209433806,2.690178714,0.098510663,0.769348178,0.280711083,25.59675562,1.794984889,10.10791721,0.564519326,0.183204756,0.256037731,5.071456409,8.766360828,0,0,2.249297261,0.561829332,0,1.241451734,1.392280179,0.299046765,0.990138707,1.378070842,5.005454614,0.639926557,0.337551582,0.386437359,0.352657488,1.399488895,4.972929843,0.235968424,0.17587502,0.684852562,0,0,6.019484584,0,3.400510769,0.283960637,1.194614382,8.62550278,0,0
0,0,0.116923585,0.508074494,0.126239302,0.285292392,2.626945267,0.158785321,0.739059159,0.333844791,22.29121036,2.006754603,7.240706673,0.4668312,0.258443463,0.33640035,5.66522829,9.50410049,0,0,2.534425153,0.537363112,0,1.135257229,1.143699104,0.568798167,1.056962795,1.307670675,5.375222916,0.573632389,0.281174361,0.373151141,0.280605467,0.986668469,5.255420443,0,0.18953405,0.525870426,0,2.055713727,7.880262922,0,4.275741275,0.466437325,1.157005253,7.146956432,0,0
0.156095956,0,0.126618963,0.456066688,0.14105208,0.256475322,2.630972173,0,0.638938015,0.174798755,23.31107697,1.559306064,8.342864856,0.141552818,0.184704571,0.264222658,4.153805245,7.580073244,0,0,2.233707758,0.582078879,0,1.270907591,1.50574331,0.449624412,1.425506469,1.169202567,4.937442422,0,0.437586827,0.407333515,0.265509348,1.128069456,7.289483506,0,0,0.782277787,1.514971481,0,9.159808182,0,2.853181759,0.623468213,1.4372635,8.548710198,0,0
0.146660924,0,0.133771835,0.494846009,0.128118378,0.279838133,3.068279877,0.091130516,0.531370454,0.152816242,22.02707831,1.597154235,7.588238204,0.452980886,0.197495533,0.319666733,4.388439818,7.360073929,0,0,1.875081179,0.550007097,0,0.99073401,1.641505918,0.361642914,0.998377605,1.125771987,6.912210168,0.521098042,0.237962792,0.284572656,0.272792717,1.210327622,7.312599525,0,0.207525742,0.639785419,0,0,10.01920594,0,3.100349271,0.316421529,1.613415317,10.34972657,0,0
0.286898638,0.100926199,0.196936643,0.362999334,0,0.182970326,2.517661283,0.095346822,0.529195944,0.273431554,20.14503097,1.356701269,6.94827448,0.389035835,0.18421735,0.347009472,6.698411119,10.41686058,0,0,1.939190538,0.161800437,0,0.962003118,1.598917977,0.621294012,0.729653887,1.45609334,5.270713487,0.519393814,0.155796608,0.377966091,0.327214951,0.127476939,8.260534804,0,0.355668547,0.524053885,0,0,8.107369382,0,5.983046124,0.368782541,1.421874151,8.479197065,0,0
0.26146687,0,0,0.304933698,0,0,2.53927809,0,0.571376367,0.366503618,23.85772909,1.862784214,6.858617232,0.617829742,0,0.700681701,4.37955577,11.01454502,0,0,3.027537917,0,0,1.810862247,1.871823876,0.920108628,1.218334313,1.474453832,3.669986002,0.394049106,0,0.380943234,0.36703769,1.641671329,5.183441826,0,0.275963598,0.687746736,0,2.460413946,6.597049416,0,4.22694803,0.888046066,0.984328118,6.413277615,0,0
0,0,0.129578563,0.297449796,0.08491908,0.168651363,2.947030848,0.090311243,0.898445226,0.209964958,24.56293399,1.804082225,11.23189177,0.585440256,0.130796512,0.238297817,5.573964698,9.692467493,0,0,2.060724889,0.398867807,0,0.915941475,1.43054768,0.384495549,0.610628877,1.512459128,4.327030087,0,0.554223848,0.358297589,0.291845225,1.523132696,5.376691805,0,0.226645599,0.73680687,0,0.096357375,5.854015099,0,4.077981321,0.32037797,1.121059333,8.265319926,0,0
0,0,0.125133521,0.23546366,0.05560094,0.135915804,3.206698116,0.075605609,0.582064505,0.090227411,25.71961125,1.651877185,10.97231384,0.465969497,0.142629269,0.226431922,3.621772636,7.651433641,0,0,2.155676458,0.420328187,0,0.850706183,1.650053439,0.346047478,0.428103551,1.239077029,5.213818334,0,0.543623692,0.293473805,0.435630142,1.658521139,5.265038201,0,0.185243148,0.695576007,0,0.763413751,7.397411368,0,3.028297134,0.328024449,1.475890228,9.926699364,0,0
0,0,0.148465175,0.360390423,0,0.190186413,3.102843504,0,0.927939431,0.227817843,27.08521208,2.549338469,12.45424514,0.750697093,0,0.411744375,1.44097778,6.624537901,0,0,2.821768823,0.667350409,0,1.777316025,1.885514099,0.717117049,1.099281727,0.99408734,3.498096078,0,0.441551366,0.455583325,0.442076091,1.594342686,4.528824454,0,0.464822592,0.732792857,0,3.043584482,5.806709173,0,1.445903287,0.556221743,0.808130796,8.997183923,0,0
0.137816734,0,0.152851133,0.328304284,0,0.17835653,3.341635886,0,1.141159449,0.169705192,25.36415642,1.679403985,12.07597667,0.684950781,0.153469279,0.284801204,4.86556215,9.513302488,0,0,2.57685416,0.451678323,0,0.7788112,1.323590573,0.512322367,0.607554101,1.47147134,3.990709746,0,0.494491276,0.315245865,0.296787947,1.266460592,4.995256459,0,0.310195056,0.705207529,0,0,6.308210565,0,3.567581686,0.456135969,1.173682317,7.665810799,0,0
0,0,0.176064846,0.22127874,0,0.118685047,3.340281192,0,0.945379865,0.376593409,29.3120332,2.934574728,13.8431197,0.791776766,0.146228854,0.300023545,2.853760684,8.287342909,0,0,2.981600059,0.624505323,0,1.397537233,1.554438948,0.473944095,0.644390316,1.374240022,2.912459952,0,0.925256667,0.33888708,0.462097967,1.859199728,2.939461448,0,0,0.855093755,0,1.254245594,3.910331112,0,2.114072573,0.393036837,0.764377454,7.234729973,0,0
0,0,0.116038948,0.23600853,0,0.400839967,2.963481958,0.139302421,0.74603429,0.173479933,30.16411357,1.777434271,11.78592525,0.666630311,0,0.215617908,2.875710254,7.679866087,0,0,4.419246943,0.427953076,0,1.723843482,1.984437877,0.504138306,0.570707071,1.040971789,3.700558101,0,0.866817947,0.340774893,0.437158338,1.746698254,3.90195773,0,0,0.684111248,0,1.284848102,4.375049187,0,2.935945682,0.421682922,0.563169417,7.434214424,0,0
0,0,0.160513853,0.530393237,0.130856047,0.297885544,2.898023378,0.133139867,0.591384152,0.232212401,19.81803857,1.590478935,7.332054379,0.518226316,0.373647926,0.377882874,6.064745812,7.011418652,0,0,1.74921994,0.344280108,0,0.745036808,1.538736932,0.391068271,0.612552132,1.034709434,7.620005649,0,0.366614145,0.323170099,0.290382067,0.887161346,7.968552962,0,0,0.527626799,0,0,10.5229942,0,3.813396258,0.363543681,1.49332649,10.82705563,0,0
0.286997338,0,0.176930673,0.51273177,0.124441988,0.290437322,2.935398885,0.128643069,0.756156941,0.19808739,21.23567642,1.752970992,7.931252873,0.504173044,0.196543964,0.407095373,4.361131234,7.292450285,0,0,1.896110517,0.360640122,0,0.920195994,1.721239545,0.542238646,0.835473493,1.188371828,7.360017749,0,0.38441534,0.420755431,0.293293553,1.184633426,7.543566602,0,0,0.625532216,0,0,10.10644987,0,3.067000044,0.595330447,1.356969446,9.783193116,0,0
0,0,0.149257554,0.264862826,0,0.239486537,2.78377273,0,0.590814594,0.257170507,24.90071284,1.93502946,9.016995032,0.548032488,0,0.430030707,4.604187866,10.71177535,0,0,2.53587253,0.422918568,0,1.218798731,2.024828751,0.603317777,0.930253305,1.519473698,3.733434176,0,0.614688808,0.418097899,0.371606477,1.938766738,4.97949531,0,0,0.664933376,0,2.017971874,5.545347866,0,4.016492299,0.606088207,0.868554225,6.804168818,0,0
0,0,0.148380939,0.437108837,0.121941455,0.25278441,3.066891299,0.150504488,0.80625456,0.188493644,23.75587352,1.845984412,9.532732612,0.544561243,0.166150109,0.276407909,4.323958989,7.529191416,0,0,2.351890094,0.397506611,0,0.836840063,1.51229087,0.485180214,0.661545326,1.253662127,5.771916425,0,0.604772719,0.34931261,0.315953767,1.152793287,5.92015459,0,0,0.589116901,0,1.537358025,7.559143066,0,3.152067382,0.434646415,1.107394038,9.620414583,0,0
0.101977823,0,0.162413468,0.376834985,0.108323449,0.209723437,3.191037969,0.139602983,0.825069991,0.170857659,27.20722372,2.047720384,10.9153013,0.590684481,0.14962099,0.21791177,4.126025064,9.38041142,0,0,2.587478837,0.413707866,0,0.969685299,1.448388942,0.45406194,0.619005434,1.54062588,4.813634117,0,0.658948406,0.391408915,0.278362917,1.308301504,3.844475826,0,0,0.607792498,0,1.174180872,5.445106709,0,3.098359666,0.4308825,0.857431542,7.95522605,0,0
0,0,0.154865762,0.433578557,0.147666752,0.253902014,3.148691358,0,0.602669952,0.096739625,26.22714007,1.837659001,9.732167713,0.589265691,0.162189408,0.256911617,3.109899627,7.318577802,0,0,2.333129504,0.509831802,0,1.383681053,1.766926516,0.429811466,0.563522822,1.211122049,5.196767063,0,0.431078346,0.341586676,0.314713342,1.387052862,6.050616655,0,0,0.654165874,0,1.198842205,7.208509448,0,2.612216919,0.476584497,1.352950071,8.863435412,0,0
0,0,0,0.6168913,0,0.347847168,3.178874836,0,0.756584616,0.306902646,23.1936528,3.335758825,5.532016489,0.586663657,0.25636574,1.118519037,4.77482469,8.611854992,0,0,3.17625319,0.880181309,0,1.46589241,1.573588127,0.926748117,1.381936411,1.23723172,3.768820108,0.579496736,0.403706799,0.48764085,0.608751966,1.693256951,5.08994462,0,0,0.72921831,0,0,8.245889278,0,3.510406003,0.886604711,1.197098833,5.159051264,0,0
0.125655733,0,0.162910918,0.29162778,0.130816021,0.164743521,3.247372281,0,0.973421935,0.140459376,29.19813439,1.981558704,13.90406502,0.804545621,0.120046683,0.234071739,2.376659239,6.655866707,0,0,2.711641969,0.363436,0,0.920268511,1.75697718,0.366254532,0.663063511,1.10577154,4.089582705,0,0.518871297,0.323458765,0.307062376,1.883614919,4.196128205,0,0,0.744009933,0,0,5.257225726,0.339094484,1.713473517,0.333566474,0.862692797,9.563433145,0,0
0.318580672,0,0.369724838,0.55901713,0,0.315633891,3.075382805,0,0.688720431,0.717546752,25.47622258,3.744179896,5.90801346,0.647516484,0.371762091,0.782597945,3.340913104,8.566056916,0,0,3.426568291,1.103422595,0,2.7130393,2.450427301,1.048650341,2.026809292,1.16353825,2.946929563,0,0.913848538,0.536786988,0.672038871,1.418452327,4.549805547,0,0,0.718368779,0,0,6.611560713,0,2.687549318,1.130033958,0.900631579,4.720237074,0,0
0.261397109,0,0.208882942,0.531675865,0,0.302508251,2.598973535,0,0.564715758,0.44840804,23.58335054,2.304294978,4.869789089,0.526465122,0,0.590580888,3.761596926,7.776986447,0,0,4.843662702,0.843976544,0,2.997649884,2.287498556,1.041402657,1.686010678,1.150290371,4.396530449,0,0.787364394,0.483418165,0.697900573,0.893975515,5.336536891,0,0,0.5530705,0,2.268473642,6.70297619,0,3.731957758,0.928200132,0.71571875,5.540167949,0,0
0.218548985,0,0.283655117,0.686786984,0,0.381876971,3.143435953,0.205380815,0.81111355,0.42762454,22.07395515,2.191200221,3.404070698,0.305313021,0.291321205,0.465664613,6.951361455,9.670662752,0,0,2.837667955,0.542601776,0,1.021657817,1.22308653,0.823278909,1.762654074,1.374142643,4.469032019,0,0.283883289,0.58655258,0.287982783,0.4086055,7.612180288,0,0,0.609742204,3.318253596,0,7.736770169,0,4.305035784,0.975849568,0.860974481,4.022623208,0.833740977,0
0,0,0,0.340147038,0,0.189267241,2.621848623,0,0.931003048,0.281020878,26.62298342,1.580068775,8.924222722,0.63404501,0.200821156,0.27452166,2.743785254,8.85807168,0,0,4.987719383,0.626202046,0,1.990885633,1.509006021,0.730159982,1.639938355,1.540394281,2.946770406,0,0.826684087,0.559414652,0.275797888,0.975760867,5.807676934,0,0,0.745870586,3.405672356,0,6.395162216,0,2.269415679,1.009687218,0.850264247,5.609761356,0,0
0.385246091,0,0.250713472,0.285480663,0,0.617290161,2.722554455,0,0.889642066,0.700993319,27.70277637,1.599327542,8.398052604,0.654929457,0.190280006,0.320941667,2.356433751,9.772315432,0,0,4.665568965,0.58738594,0,1.512459537,1.677078027,0.895752729,2.834337006,1.48094754,2.625956174,0,0.76668164,0.50480218,0.234504869,0.798676614,3.135404521,0,0,0.759602368,3.931745149,0,5.419484271,0.804412755,1.834583496,1.023224891,0.524450864,3.820688808,0,0
0.213166867,0,0,0.479721191,0,0.263929533,1.987379857,0.221750539,0.604186661,0.334794359,20.13483174,1.695877592,3.778139308,0.380413894,0.264512309,0.462805433,4.962817483,7.883613543,0,0,3.666700911,0.885072774,0,2.019214648,1.586454617,0.691292028,1.925742104,1.091005819,4.904217646,0,0.246088429,0.501915467,0.241885585,0.526311841,10.80656602,0,0,0.593844375,2.907797187,0,9.545064159,0,3.390095055,0.914825563,1.274550473,6.243588534,0,0
0.274596531,0,0.262705734,0.562097809,0,0.315531841,2.607390009,0,0.771112755,0.344210403,22.02057384,2.079435322,3.02647131,0.327334236,0.219499304,0.431267438,6.910530435,11.42879025,0,0,4.864884941,0.671417168,0,1.145606047,1.371151196,0.965617963,1.944037859,1.700735279,3.649880167,0,0,0.600993948,0.256395942,0.484840584,6.141517925,0,0,0.683675086,4.131790964,0,6.80980925,0,4.331414767,1.225303763,0.73067823,2.896360589,0,0
0.406666558,0,0,0.36941933,0,0,2.160815989,0,0.65664577,0.341946419,23.14608645,1.677717042,4.324112881,0.370049714,0.229481273,0.382617493,5.165036852,12.21863745,0,0,5.213300849,0.711072204,0,1.959064615,1.540871732,0.994826405,3.039094303,1.577430638,2.825405184,0,0.496199123,0.544297019,0.272471795,0.514526052,5.092537608,0,0,0.72986773,4.866286542,0,5.797618645,0,3.564833364,1.161753535,0.571856261,3.008299377,0,0
0.204103212,0,0.170471465,0.669830005,0.172324651,0.371139404,2.667668332,0.208935333,0.58358549,0.327269297,20.90939726,1.712951455,3.432884029,0.420033533,0.297364954,0.473911293,6.721404249,10.54947197,0,0,1.818015665,0.588577273,0,0.95398633,1.41888564,0.75461916,1.84149456,1.349416791,5.636695767,0,0.327490565,0.473912547,0.202717388,0.188124411,6.192092425,0,0,0.675481618,2.88845407,0,9.85386676,0,5.078945794,0.949428538,1.315489071,5.473716132,0,0
0.187352909,0,0.200920924,0.549790639,0,0.306495816,2.566483669,0.278009518,0.512676846,0.443233842,21.22988965,2.230173986,3.732220035,0.370128438,0.248893969,0.466770655,5.484201264,10.68762932,0,0,3.416067484,0.565233927,0,1.723972234,1.494892863,0.682031016,1.764755235,1.411868531,4.774652695,0,0.491802142,0.483954027,0.302432632,0.560089255,7.5722257,0,0,0.61082341,2.963045643,0,7.938916644,0,4.318430905,0.937373252,1.139769256,4.664987087,0,0
0.174683163,0,0,0.419498788,0,0.239688662,2.699776512,0.145951219,0.719949621,0.325582989,26.9236536,1.993254416,7.172770472,0.4981039,0.189800039,0.317007979,5.198302599,11.86561977,0,0,4.145869979,0.657517638,0,1.784219559,1.392530861,0.601461571,1.275040061,1.623874472,2.946694058,0,1.00204417,0.430671321,0.328960129,1.041101251,4.638761135,0,0,0.621606931,2.926015113,0,5.137367012,0,3.331505748,0.787467895,0.737927503,3.536350787,0,0
0.248203972,0,0.201966628,0.35737937,0,0.193008089,2.469540249,0,0.723505272,0.27866025,23.35208246,1.912149063,6.259883012,0.495880036,0.201045281,0.365580053,5.355451825,11.83520688,0.190686662,0,2.769062933,0.607591434,0,1.516095579,1.310418927,0.715609631,1.711969743,1.664479412,3.490539404,0,0.539594894,0.465408147,0.280842436,0.777778708,5.622120791,0,0,0.692397538,3.220537202,0,5.692787517,0,4.332354435,0.853980782,0.894576784,5.059134957,0,0.203398514
0,0,0,0,0,0,2.036326164,0,0,0,19.78610888,10.73538246,3.063873052,0,0,0,0.990137165,6.665122693,0,0,11.97375682,3.229533606,0,5.952688403,1.101290159,0.856137701,2.206668523,0.73427155,1.044589317,0,1.566176135,0,0,1.13427545,2.781376805,0,0,1.428166359,2.809643028,0,11.43026097,0,0.783885286,1.198382294,4.29655267,2.195394502,0,0
0,0,0,0.919408054,0,0,2.148759945,0,0.838672247,0.578984373,16.71005416,10.4345527,4.279515968,0,0,0.520872234,1.143412622,5.232304664,0,0,11.29307819,3.354910271,0,7.072325296,0.500379547,0.265120316,1.071020322,0.319160159,0.627747402,0.548457505,1.902467544,0,0.953342778,1.251055022,2.833795843,0,0,1.268855807,0,1.721250967,10.64132193,0,0.50768227,0.541194091,4.888127993,4.622482071,0,0
0,0,0,1.300957325,0,0,2.256313232,0,0.514933901,0.55065691,17.19755226,10.92619355,4.119455786,0,0.211230594,0.496323266,1.139519017,5.165312959,0,0,11.69899471,3.456865056,0,7.157804421,0.482094803,0.188492657,1.14067108,0.290506345,0.585955584,0.695213256,1.931160643,0,0.643359077,1.013172698,2.66636544,0,0,1.164064623,0,0.922604909,10.67772992,0,0.465788711,0.419434301,4.906192831,4.603032055,0,0
0,0,0.046880607,0.913482159,0,0.01365379,1.974161447,0.02371128,0.194135252,0.043578243,12.93082627,2.318113249,0.225028669,0.061520507,0.022917233,0.256460353,0.0897242,2.651235234,0.016533645,0.012554529,31.27499486,2.40032414,0.133579517,26.09000656,0.101996999,0.018370478,4.635881482,0.342622042,0.622758732,0.33360022,3.421062876,0.04639605,0.022196685,0.155963013,0.289496749,0,0,0.480241061,2.689363351,0.55033321,0.153284517,0.1116818,0.024149613,0.185719323,0.673861069,3.181303786,0.105598214,0
0,0,0.046790293,0.920521635,0,0.014505901,1.961639963,0.023636244,0.191143392,0.04118485,12.93366383,2.301198643,0.224464746,0.05814964,0.04479118,0.245168439,0.091217435,2.653414688,0.018636962,0.017136971,31.08430196,2.385728155,0.137765584,26.09446791,0.101514228,0.020065137,4.640715715,0.343151247,0.617220075,0.330651161,3.396850023,0.046393378,0.020983761,0.15820815,0.311966409,0,0.065319157,0.490158903,2.79155667,0.551767129,0.167347131,0.131934185,0.036535579,0.189391324,0.662992223,3.150915883,0.101080632,0
0,0,0.047033986,0.921909574,0,0.013552415,1.953434068,0.023935621,0.191653217,0.037873896,12.88071233,2.296384963,0.222001517,0.056438243,0.044318275,0.244160649,0.093138234,2.641586916,0.018397503,0.015321561,31.01566509,2.381493099,0.144462888,26.03712426,0.100075645,0.017834611,4.630176519,0.341822015,0.61703378,0.332962067,3.389476111,0.056930241,0.024817416,0.16926624,0.375664813,0,0.097438747,0.529119739,2.723836232,0.589067509,0.191353291,0.219837503,0.047732822,0.187121338,0.662000925,3.144210176,0.098171476,0
0,0,0,0,0,0,3.813879219,0,0,0,32.86457574,6.222339702,4.08218114,2.738464946,0,0,0,13.01214462,0,0,8.461232659,0,0,5.493605159,0,0,10.27894586,0,0,0,0,0,0,0,0,0,0,0,0,0,8.242468785,0,0,4.790162169,0,0,0,0
0,0,0,1.5897392,0,0.882527902,7.900334395,0,0.676522404,0.785524977,14.22141884,7.40462424,0.50618852,1.386092147,0,0,0,2.40817743,0,0,7.416237142,2.111822942,0,5.519866355,1.196184502,0.635076399,11.49146267,0.520459796,15.00352613,0,0,0,0,0,0.881716726,0,0,1.16727905,0,2.211199049,5.804012978,0,0,1.012057401,0,6.18278668,0,0
0,0,0.406322577,1.704176795,0.438776245,0.971903677,8.418045719,0.24918698,0.661723356,0.631351535,13.0960352,7.328359626,0.237117263,1.581638191,0,0.340699161,0.354437813,1.251723573,0,0,6.769496514,1.868325372,0,5.906734038,1.081975969,0.273893437,12.66259697,0.378622317,16.58608579,0,0,0,0,0.214257401,0.829135474,0,0,0.343544835,0,1.073186554,5.838402724,0,0,0.424165276,0,6.64784677,0,0
0,0,0,2.548602913,0,0.1313807,0.727926457,0,0.158601415,0.723068231,12.41156133,2.435825993,0.739463154,0.211824508,0.086408885,0.777167856,0.69467521,4.73537381,0.158852642,0,19.55642046,6.025695755,0,6.157337249,0.551639029,0.079206265,30.91082358,0.187174504,4.72728308,0,0.568104854,0,0.264838349,0.146935361,0.703029064,0,0,0.697879871,0,0,2.119539466,0,0.311896856,0.116083998,0,0,0,0
0,0,0.037718036,1.861264432,0,0.147676304,0.841805469,0,0.212940841,0.754954078,12.37813285,3.074015964,0.748101343,0.131141137,0.110845573,1.100167673,0.036746272,4.223947787,0.151031568,0,20.65470442,6.82213012,0,7.184693335,0.412608954,0.035965997,28.56708905,0.145560585,4.225646493,0,0.547428349,0,0.201107486,0.163576208,0.816058979,0,0,0.643085782,0,0.153330293,2.657468019,0,0.241668856,0.069866049,0,0,0,0.348269372
0,0,0.039961734,1.772990747,0,0.150252003,0.855070025,0,0.214518996,0.757169567,12.43479219,3.078828581,0.74343766,0.131491252,0.10795233,1.112434774,0.035884941,4.216731848,0.153015438,0,20.93076799,6.814799679,0,7.252813367,0.416152014,0.039109819,28.62524188,0.151510794,4.224861988,0,0.564846044,0,0.200277711,0.123178493,0.805032088,0,0,0.67007952,0,0.165149147,2.628306025,0,0.223455579,0.062445809,0,0,0,0